airbnb_listing_id,n_dates,coverage
1977915,67,0.638095238095238
2951220,85,0.8095238095238095
3263701,26,0.24761904761904763
3977675,55,0.5238095238095238
5443557,82,0.780952380952381
6569062,104,0.9904761904761905
8287843,78,0.7428571428571429
8838629,66,0.6285714285714286
8936081,27,0.2571428571428571
9327293,33,0.3142857142857143
9658725,10,0.09523809523809523
9784227,19,0.18095238095238095
10266012,58,0.5523809523809524
10340400,6,0.05714285714285714
10982940,75,0.7142857142857143
11044577,55,0.5238095238095238
11508986,13,0.12380952380952381
11567423,67,0.638095238095238
12067632,34,0.3238095238095238
12359560,51,0.4857142857142857
12490354,63,0.6
12931525,46,0.4380952380952381
13522176,32,0.3047619047619048
14872547,64,0.6095238095238096
14884678,42,0.4
15024197,18,0.17142857142857143
15500038,88,0.8380952380952381
15523493,58,0.5523809523809524
15549803,45,0.42857142857142855
15732070,63,0.6
15754075,37,0.3523809523809524
15791567,35,0.3333333333333333
15909831,78,0.7428571428571429
15934309,70,0.6666666666666666
15980018,22,0.20952380952380953
15980108,39,0.37142857142857144
16017693,36,0.34285714285714286
16105751,31,0.29523809523809524
16177778,92,0.8761904761904762
16253828,73,0.6952380952380952
16270332,54,0.5142857142857142
16321793,74,0.7047619047619048
16350860,65,0.6190476190476191
16451544,31,0.29523809523809524
16527828,87,0.8285714285714286
16570256,47,0.44761904761904764
16586622,80,0.7619047619047619
16618715,88,0.8380952380952381
16644316,67,0.638095238095238
16662563,62,0.5904761904761905
16730935,89,0.8476190476190476
16992951,71,0.6761904761904762
17013106,59,0.5619047619047619
17034886,46,0.4380952380952381
17294276,47,0.44761904761904764
17511306,62,0.5904761904761905
17570590,68,0.6476190476190476
18395333,64,0.6095238095238096
18505349,30,0.2857142857142857
18506998,20,0.19047619047619047
18735821,44,0.41904761904761906
20555680,19,0.18095238095238095
20618105,44,0.41904761904761906
20863370,18,0.17142857142857143
20943549,65,0.6190476190476191
21025393,36,0.34285714285714286
21077682,57,0.5428571428571428
21091876,91,0.8666666666666667
21103486,66,0.6285714285714286
21103807,71,0.6761904761904762
21280090,64,0.6095238095238096
21295667,53,0.5047619047619047
21324331,34,0.3238095238095238
21397811,68,0.6476190476190476
21436592,67,0.638095238095238
21454457,15,0.14285714285714285
21545686,72,0.6857142857142857
21552865,29,0.2761904761904762
21607605,47,0.44761904761904764
21632405,53,0.5047619047619047
21662762,36,0.34285714285714286
21695053,82,0.780952380952381
21734892,68,0.6476190476190476
21743476,56,0.5333333333333333
21780661,63,0.6
22047595,60,0.5714285714285714
22190101,46,0.4380952380952381
22191680,80,0.7619047619047619
22223346,28,0.26666666666666666
22231120,80,0.7619047619047619
22243318,52,0.49523809523809526
22245880,72,0.6857142857142857
22306996,30,0.2857142857142857
22307401,27,0.2571428571428571
22335276,67,0.638095238095238
22383070,40,0.38095238095238093
22421016,9,0.08571428571428572
22421421,56,0.5333333333333333
22421606,47,0.44761904761904764
22428497,40,0.38095238095238093
22514231,36,0.34285714285714286
22648075,65,0.6190476190476191
22739656,74,0.7047619047619048
22810332,65,0.6190476190476191
22901902,92,0.8761904761904762
23023313,68,0.6476190476190476
23068512,19,0.18095238095238095
23078040,54,0.5142857142857142
23108026,74,0.7047619047619048
23263225,11,0.10476190476190476
23299596,36,0.34285714285714286
23343001,71,0.6761904761904762
23390752,78,0.7428571428571429
23779860,32,0.3047619047619048
23787711,90,0.8571428571428571
24171739,31,0.29523809523809524
25104649,57,0.5428571428571428
25165914,87,0.8285714285714286
25918412,64,0.6095238095238096
26026295,27,0.2571428571428571
26197944,75,0.7142857142857143
26334990,67,0.638095238095238
26570136,82,0.780952380952381
26708551,72,0.6857142857142857
26839303,52,0.49523809523809526
26895628,40,0.38095238095238093
26898492,38,0.3619047619047619
27022969,60,0.5714285714285714
27201205,37,0.3523809523809524
27338096,89,0.8476190476190476
27704027,84,0.8
27718978,24,0.22857142857142856
27910707,81,0.7714285714285715
27981528,61,0.580952380952381
28071688,41,0.3904761904761905
28075525,36,0.34285714285714286
28155872,25,0.23809523809523808
28160414,61,0.580952380952381
28366360,67,0.638095238095238
28410850,76,0.7238095238095238
28429135,63,0.6
28932247,50,0.47619047619047616
28987242,28,0.26666666666666666
29008738,56,0.5333333333333333
29114516,36,0.34285714285714286
29145061,56,0.5333333333333333
29302246,58,0.5523809523809524
29341170,46,0.4380952380952381
29739100,89,0.8476190476190476
29761442,11,0.10476190476190476
29800671,75,0.7142857142857143
29870406,86,0.819047619047619
30032994,57,0.5428571428571428
30085847,86,0.819047619047619
30098696,10,0.09523809523809523
30105402,91,0.8666666666666667
30153564,55,0.5238095238095238
30209117,42,0.4
30271062,76,0.7238095238095238
30332330,56,0.5333333333333333
30354217,27,0.2571428571428571
30402651,63,0.6
30491733,63,0.6
30493854,41,0.3904761904761905
30494198,89,0.8476190476190476
30519162,91,0.8666666666666667
30560948,85,0.8095238095238095
30617740,71,0.6761904761904762
30756202,76,0.7238095238095238
30785010,58,0.5523809523809524
30795921,22,0.20952380952380953
30910938,56,0.5333333333333333
30922946,71,0.6761904761904762
31055581,69,0.6571428571428571
31059537,78,0.7428571428571429
31069380,21,0.2
31084342,53,0.5047619047619047
31115702,46,0.4380952380952381
31141252,38,0.3619047619047619
31167122,85,0.8095238095238095
31169655,65,0.6190476190476191
31278015,56,0.5333333333333333
31284638,40,0.38095238095238093
31380471,78,0.7428571428571429
31397917,15,0.14285714285714285
31430342,59,0.5619047619047619
31441134,103,0.9809523809523809
31454750,59,0.5619047619047619
31511990,86,0.819047619047619
31530689,90,0.8571428571428571
31543199,44,0.41904761904761906
31560419,47,0.44761904761904764
31682871,41,0.3904761904761905
31859744,77,0.7333333333333333
31945494,70,0.6666666666666666
31972121,59,0.5619047619047619
32134287,84,0.8
32185033,41,0.3904761904761905
32234626,38,0.3619047619047619
32371924,33,0.3142857142857143
32443120,13,0.12380952380952381
32486859,51,0.4857142857142857
32585103,57,0.5428571428571428
32592683,56,0.5333333333333333
32600458,53,0.5047619047619047
32606991,77,0.7333333333333333
32697747,34,0.3238095238095238
32766950,48,0.45714285714285713
32990586,85,0.8095238095238095
33336758,36,0.34285714285714286
34218930,58,0.5523809523809524
34540951,70,0.6666666666666666
34866449,74,0.7047619047619048
35481220,84,0.8
35826155,20,0.19047619047619047
35912580,38,0.3619047619047619
35934720,10,0.09523809523809523
36032020,25,0.23809523809523808
36632832,74,0.7047619047619048
36698654,79,0.7523809523809524
36908385,27,0.2571428571428571
37118794,62,0.5904761904761905
37153670,53,0.5047619047619047
37347085,90,0.8571428571428571
37487828,49,0.4666666666666667
37494985,84,0.8
37708447,44,0.41904761904761906
37744392,79,0.7523809523809524
37989675,63,0.6
38262480,27,0.2571428571428571
38319706,80,0.7619047619047619
38447436,101,0.9619047619047619
38514587,92,0.8761904761904762
38616586,38,0.3619047619047619
38638326,80,0.7619047619047619
38693604,85,0.8095238095238095
38695314,62,0.5904761904761905
38730549,78,0.7428571428571429
38800430,34,0.3238095238095238
38852725,62,0.5904761904761905
38899673,78,0.7428571428571429
38957661,55,0.5238095238095238
38980085,90,0.8571428571428571
38998610,68,0.6476190476190476
39007372,95,0.9047619047619048
39051477,92,0.8761904761904762
39059902,78,0.7428571428571429
39109062,74,0.7047619047619048
39145712,31,0.29523809523809524
39316910,15,0.14285714285714285
39363955,57,0.5428571428571428
39394196,23,0.21904761904761905
39394644,90,0.8571428571428571
39414948,61,0.580952380952381
39420557,33,0.3142857142857143
39507664,39,0.37142857142857144
39583346,50,0.47619047619047616
39629644,27,0.2571428571428571
39635217,23,0.21904761904761905
39642773,46,0.4380952380952381
39685785,73,0.6952380952380952
39715668,65,0.6190476190476191
39745810,89,0.8476190476190476
39820601,33,0.3142857142857143
39837626,23,0.21904761904761905
39972515,59,0.5619047619047619
40023421,99,0.9428571428571428
40039627,84,0.8
40191152,76,0.7238095238095238
40209404,73,0.6952380952380952
40236441,47,0.44761904761904764
40246675,44,0.41904761904761906
40250642,73,0.6952380952380952
40289385,62,0.5904761904761905
40320100,75,0.7142857142857143
40342798,81,0.7714285714285715
40351988,52,0.49523809523809526
40371384,91,0.8666666666666667
40391575,7,0.06666666666666667
40400432,64,0.6095238095238096
40449599,72,0.6857142857142857
40532740,40,0.38095238095238093
40560834,90,0.8571428571428571
40576710,59,0.5619047619047619
40777141,9,0.08571428571428572
40794806,52,0.49523809523809526
40892344,60,0.5714285714285714
40899047,37,0.3523809523809524
40910065,88,0.8380952380952381
40960741,75,0.7142857142857143
40971559,34,0.3238095238095238
41141790,39,0.37142857142857144
41147466,45,0.42857142857142855
41193865,74,0.7047619047619048
41227471,81,0.7714285714285715
41260111,85,0.8095238095238095
41270247,27,0.2571428571428571
41285546,91,0.8666666666666667
41404141,68,0.6476190476190476
41473656,23,0.21904761904761905
41478160,29,0.2761904761904762
41493620,98,0.9333333333333333
41532894,61,0.580952380952381
41533462,71,0.6761904761904762
41590719,73,0.6952380952380952
41634696,84,0.8
41664387,45,0.42857142857142855
41676390,90,0.8571428571428571
41682475,43,0.4095238095238095
41686810,59,0.5619047619047619
41702158,46,0.4380952380952381
41761142,43,0.4095238095238095
41762297,96,0.9142857142857143
41769298,71,0.6761904761904762
41786765,13,0.12380952380952381
41883230,53,0.5047619047619047
41888100,78,0.7428571428571429
42003334,65,0.6190476190476191
42013117,26,0.24761904761904763
42138941,69,0.6571428571428571
42180312,60,0.5714285714285714
42270655,74,0.7047619047619048
42335961,85,0.8095238095238095
42362925,70,0.6666666666666666
42515348,32,0.3047619047619048
42588365,43,0.4095238095238095
42625075,61,0.580952380952381
42704327,84,0.8
42709234,97,0.9238095238095239
42735835,11,0.10476190476190476
42788291,54,0.5142857142857142
42841323,23,0.21904761904761905
43300431,88,0.8380952380952381
43379132,26,0.24761904761904763
43499385,69,0.6571428571428571
43712530,21,0.2
43754654,87,0.8285714285714286
44075219,14,0.13333333333333333
44153810,48,0.45714285714285713
44192417,39,0.37142857142857144
44369632,12,0.11428571428571428
44425260,66,0.6285714285714286
44890294,2,0.01904761904761905
44895797,13,0.12380952380952381
45002455,26,0.24761904761904763
45184991,62,0.5904761904761905
45350304,79,0.7523809523809524
45382246,38,0.3619047619047619
45480718,12,0.11428571428571428
45512442,61,0.580952380952381
45513430,89,0.8476190476190476
45531969,53,0.5047619047619047
45621607,71,0.6761904761904762
45687710,79,0.7523809523809524
45711835,13,0.12380952380952381
45726200,45,0.42857142857142855
45768161,83,0.7904761904761904
45780750,12,0.11428571428571428
45803876,78,0.7428571428571429
45822839,78,0.7428571428571429
45889892,60,0.5714285714285714
45911573,35,0.3333333333333333
45911990,26,0.24761904761904763
45923984,28,0.26666666666666666
45973790,101,0.9619047619047619
46011731,21,0.2
46036384,58,0.5523809523809524
46048925,91,0.8666666666666667
46048941,34,0.3238095238095238
46072703,45,0.42857142857142855
46088002,58,0.5523809523809524
46116173,31,0.29523809523809524
46220279,80,0.7619047619047619
46222390,73,0.6952380952380952
46298558,54,0.5142857142857142
46327705,40,0.38095238095238093
46372862,74,0.7047619047619048
46451253,71,0.6761904761904762
46530405,83,0.7904761904761904
46550767,47,0.44761904761904764
46598066,85,0.8095238095238095
46604700,87,0.8285714285714286
46678933,97,0.9238095238095239
46690986,91,0.8666666666666667
46704215,11,0.10476190476190476
46710652,71,0.6761904761904762
46724379,100,0.9523809523809523
46755580,58,0.5523809523809524
46769078,93,0.8857142857142857
46866680,67,0.638095238095238
46878566,81,0.7714285714285715
46896012,65,0.6190476190476191
46936020,54,0.5142857142857142
46990438,60,0.5714285714285714
47000276,42,0.4
47006355,49,0.4666666666666667
47052262,69,0.6571428571428571
47089646,51,0.4857142857142857
47172145,74,0.7047619047619048
47213093,22,0.20952380952380953
47222306,47,0.44761904761904764
47232230,16,0.1523809523809524
47254288,72,0.6857142857142857
47260862,44,0.41904761904761906
47269826,12,0.11428571428571428
47325492,89,0.8476190476190476
47326216,87,0.8285714285714286
47402735,66,0.6285714285714286
47421617,36,0.34285714285714286
47543180,38,0.3619047619047619
47558531,90,0.8571428571428571
47783121,52,0.49523809523809526
47802450,29,0.2761904761904762
47816646,73,0.6952380952380952
47891397,81,0.7714285714285715
47909482,67,0.638095238095238
48080102,45,0.42857142857142855
48109229,73,0.6952380952380952
48158176,33,0.3142857142857143
48243472,60,0.5714285714285714
48254075,20,0.19047619047619047
48526011,65,0.6190476190476191
48624860,18,0.17142857142857143
48699117,48,0.45714285714285713
48848529,87,0.8285714285714286
48941838,46,0.4380952380952381
49050392,46,0.4380952380952381
49123621,90,0.8571428571428571
49369605,21,0.2
49824103,47,0.44761904761904764
49968308,26,0.24761904761904763
50047341,36,0.34285714285714286
50059423,40,0.38095238095238093
50085393,21,0.2
50243281,35,0.3333333333333333
50535771,44,0.41904761904761906
50561328,13,0.12380952380952381
50958684,74,0.7047619047619048
51301217,67,0.638095238095238
51403736,55,0.5238095238095238
51405106,74,0.7047619047619048
51453135,91,0.8666666666666667
51507847,16,0.1523809523809524
51669111,92,0.8761904761904762
51683537,28,0.26666666666666666
51785337,56,0.5333333333333333
51825638,74,0.7047619047619048
51861410,18,0.17142857142857143
51866473,45,0.42857142857142855
51983017,29,0.2761904761904762
51990592,60,0.5714285714285714
52025452,52,0.49523809523809526
52059007,105,1.0
52172003,42,0.4
52214716,79,0.7523809523809524
52266549,77,0.7333333333333333
52346232,59,0.5619047619047619
52348108,43,0.4095238095238095
52354467,68,0.6476190476190476
52358821,84,0.8
52365560,75,0.7142857142857143
52472131,87,0.8285714285714286
52474050,22,0.20952380952380953
52530322,78,0.7428571428571429
52536443,26,0.24761904761904763
52596621,104,0.9904761904761905
52619006,58,0.5523809523809524
52627650,12,0.11428571428571428
52646204,66,0.6285714285714286
52650644,75,0.7142857142857143
52652931,46,0.4380952380952381
52670832,13,0.12380952380952381
52758042,103,0.9809523809523809
52826190,38,0.3619047619047619
52884842,89,0.8476190476190476
52969803,70,0.6666666666666666
53008127,56,0.5333333333333333
53077335,11,0.10476190476190476
53113087,57,0.5428571428571428
53133732,82,0.780952380952381
53143021,49,0.4666666666666667
53154219,87,0.8285714285714286
53175731,101,0.9619047619047619
53190433,39,0.37142857142857144
53195241,85,0.8095238095238095
53240300,79,0.7523809523809524
53280496,35,0.3333333333333333
53314692,60,0.5714285714285714
53325047,50,0.47619047619047616
53337464,89,0.8476190476190476
53340772,69,0.6571428571428571
53365226,54,0.5142857142857142
53445765,58,0.5523809523809524
53448627,26,0.24761904761904763
53458717,51,0.4857142857142857
53474066,39,0.37142857142857144
53492577,28,0.26666666666666666
53581602,70,0.6666666666666666
53605382,39,0.37142857142857144
53643568,25,0.23809523809523808
53645678,61,0.580952380952381
53656846,43,0.4095238095238095
53669499,59,0.5619047619047619
53671997,23,0.21904761904761905
53717416,76,0.7238095238095238
53733977,38,0.3619047619047619
53738511,64,0.6095238095238096
53794321,67,0.638095238095238
53796581,58,0.5523809523809524
53803935,26,0.24761904761904763
53815397,72,0.6857142857142857
53825192,50,0.47619047619047616
53893648,56,0.5333333333333333
53899162,72,0.6857142857142857
53903158,72,0.6857142857142857
53914255,47,0.44761904761904764
53915734,64,0.6095238095238096
53918137,62,0.5904761904761905
53936201,43,0.4095238095238095
53972959,73,0.6952380952380952
53973724,69,0.6571428571428571
53986731,15,0.14285714285714285
54005716,43,0.4095238095238095
54020562,29,0.2761904761904762
54145466,90,0.8571428571428571
54167570,81,0.7714285714285715
54237040,66,0.6285714285714286
54245203,23,0.21904761904761905
54246694,89,0.8476190476190476
54287612,63,0.6
54365625,81,0.7714285714285715
525472560929976068,87,0.8285714285714286
543584528464360785,60,0.5714285714285714
549056203343531816,48,0.45714285714285713
552912581186899747,49,0.4666666666666667
553578003486746447,15,0.14285714285714285
557386903732882183,53,0.5047619047619047
572368704250611987,36,0.34285714285714286
573122310094338767,44,0.41904761904761906
577333685681759877,38,0.3619047619047619
577547502503396579,58,0.5523809523809524
580407424598756855,23,0.21904761904761905
580589381711973141,52,0.49523809523809526
599368528094352718,24,0.22857142857142856
604521043281534642,27,0.2571428571428571
605748852048435444,61,0.580952380952381
610155932497817911,65,0.6190476190476191
612245203931813020,66,0.6285714285714286
613221032690703355,48,0.45714285714285713
618150693526656201,48,0.45714285714285713
618943952389206201,80,0.7619047619047619
621626596784793972,43,0.4095238095238095
622878708674009200,74,0.7047619047619048
627388721154300829,26,0.24761904761904763
628340205412932131,12,0.11428571428571428
628897724940732017,25,0.23809523809523808
629724091250673746,71,0.6761904761904762
630326155301078742,37,0.3523809523809524
633809099013662442,42,0.4
639163267116212627,8,0.0761904761904762
639216644351145145,16,0.1523809523809524
645092818132652927,29,0.2761904761904762
667324814851452653,67,0.638095238095238
668715506986619718,45,0.42857142857142855
670778657683556451,41,0.3904761904761905
673825002694927178,42,0.4
673826204715344716,53,0.5047619047619047
673826267743797671,27,0.2571428571428571
674566887638611404,42,0.4
675242237586865339,77,0.7333333333333333
676838365540390245,20,0.19047619047619047
678242953903453952,49,0.4666666666666667
679166677359467385,79,0.7523809523809524
681139047695558927,47,0.44761904761904764
681894806923375678,39,0.37142857142857144
684782448665574114,60,0.5714285714285714
686743101124580615,27,0.2571428571428571
687757820659405525,90,0.8571428571428571
693024169316156606,44,0.41904761904761906
694313018923554703,29,0.2761904761904762
694947516825280143,23,0.21904761904761905
703527486074504582,74,0.7047619047619048
703538637731385185,76,0.7238095238095238
703678241822238330,60,0.5714285714285714
705946468067026302,60,0.5714285714285714
708045427082372124,94,0.8952380952380953
711032530664362412,35,0.3333333333333333
716703779507124462,72,0.6857142857142857
718922870189236806,29,0.2761904761904762
719355891470345652,78,0.7428571428571429
721143022842232721,59,0.5619047619047619
721635424816164605,59,0.5619047619047619
725205326528652381,5,0.047619047619047616
725867973010290782,66,0.6285714285714286
728531681504670920,37,0.3523809523809524
730437501239201082,84,0.8
730503580289648392,10,0.09523809523809523
730553947980169722,78,0.7428571428571429
731853350375474350,34,0.3238095238095238
732572931172602640,63,0.6
734707774394612996,53,0.5047619047619047
734774611454860165,64,0.6095238095238096
734843676958831992,32,0.3047619047619048
734991572208138176,83,0.7904761904761904
735732850757918650,35,0.3333333333333333
739015384619300207,58,0.5523809523809524
739663897909156017,72,0.6857142857142857
742262889162653132,56,0.5333333333333333
744210382596366805,55,0.5238095238095238
745632820094188215,16,0.1523809523809524
746451645715267085,91,0.8666666666666667
748336742434217963,44,0.41904761904761906
753461577197808016,73,0.6952380952380952
753566944813003124,96,0.9142857142857143
754141022905987471,80,0.7619047619047619
754375397775403281,96,0.9142857142857143
754796838418506202,68,0.6476190476190476
756997201912524343,97,0.9238095238095239
758758164947604865,82,0.780952380952381
760805979001764233,3,0.02857142857142857
762112217871324562,61,0.580952380952381
762192750283483456,67,0.638095238095238
762916089194134311,104,0.9904761904761905
766052072199682693,57,0.5428571428571428
766156195693050227,53,0.5047619047619047
766788707373767791,40,0.38095238095238093
767407262472265686,73,0.6952380952380952
768032727158094436,18,0.17142857142857143
769009482417170004,75,0.7142857142857143
769461318721075633,36,0.34285714285714286
769616108652112172,33,0.3142857142857143
770131545986036241,78,0.7428571428571429
771111761043546355,75,0.7142857142857143
771134836709283777,15,0.14285714285714285
772261416620745030,82,0.780952380952381
772706520794806760,9,0.08571428571428572
778933432062496662,73,0.6952380952380952
779104726998664227,38,0.3619047619047619
780376166619260652,44,0.41904761904761906
780872235421635957,44,0.41904761904761906
781223884036842600,62,0.5904761904761905
782548209247570691,54,0.5142857142857142
782734966853311782,79,0.7523809523809524
783879004243392314,81,0.7714285714285715
784598714032826222,71,0.6761904761904762
784836681288428817,65,0.6190476190476191
785658004981722606,79,0.7523809523809524
786307999394390316,72,0.6857142857142857
786807324710664147,52,0.49523809523809526
787195284335262595,63,0.6
787606557854537606,65,0.6190476190476191
787847078680683474,63,0.6
790006111813482352,68,0.6476190476190476
790431243381422888,104,0.9904761904761905
790518755885066166,51,0.4857142857142857
790752171303746450,87,0.8285714285714286
791313913845076166,50,0.47619047619047616
792096103347120988,59,0.5619047619047619
792184367926408145,57,0.5428571428571428
794707921952592251,48,0.45714285714285713
794710559970994170,68,0.6476190476190476
794996321339600522,67,0.638095238095238
795495744056169046,66,0.6285714285714286
795757968903961791,73,0.6952380952380952
796481545034280714,74,0.7047619047619048
797261187302809924,75,0.7142857142857143
798475021925579344,48,0.45714285714285713
798609957167332367,72,0.6857142857142857
798631136594423222,56,0.5333333333333333
799251513158018593,60,0.5714285714285714
800942299109284552,55,0.5238095238095238
801271167231006592,40,0.38095238095238093
801611117719633492,67,0.638095238095238
802047490248101970,42,0.4
802357806571870530,55,0.5238095238095238
802922826036667371,64,0.6095238095238096
803403468437987911,73,0.6952380952380952
805381324514930766,32,0.3047619047619048
805726391815686158,57,0.5428571428571428
806702099486447309,68,0.6476190476190476
807400945391416643,41,0.3904761904761905
807898347637042057,16,0.1523809523809524
809946874989632205,75,0.7142857142857143
811053746893495263,66,0.6285714285714286
812231708820863156,58,0.5523809523809524
813090046454458015,84,0.8
815806026505024003,33,0.3142857142857143
816613605644920543,92,0.8761904761904762
821574780923920105,54,0.5142857142857142
821920276390293366,48,0.45714285714285713
822365439954007216,80,0.7619047619047619
826063757882656916,82,0.780952380952381
826617189908528565,65,0.6190476190476191
828036946101813387,24,0.22857142857142856
831740758559247685,34,0.3238095238095238
832123000813215722,87,0.8285714285714286
834645644371228115,38,0.3619047619047619
836385234465202348,48,0.45714285714285713
836415940545761422,60,0.5714285714285714
837646263953285868,68,0.6476190476190476
837846012155525926,44,0.41904761904761906
839184834439414765,42,0.4
840525492567265584,44,0.41904761904761906
841394344184198064,31,0.29523809523809524
844864653127085626,76,0.7238095238095238
850675824952359571,68,0.6476190476190476
850931966820064700,59,0.5619047619047619
856482117556875618,26,0.24761904761904763
859653300578357102,57,0.5428571428571428
859925561562240250,29,0.2761904761904762
863830918159371125,67,0.638095238095238
869504505210568410,80,0.7619047619047619
871084107630048364,54,0.5142857142857142
873125740517449213,84,0.8
873255393900331818,79,0.7523809523809524
873260132509992833,13,0.12380952380952381
881204142086821328,68,0.6476190476190476
883930877150990341,5,0.047619047619047616
892662939259281401,13,0.12380952380952381
892721989592935461,49,0.4666666666666667
894985131313802009,68,0.6476190476190476
897144549301156856,35,0.3333333333333333
900757690500508426,60,0.5714285714285714
902324773092897293,13,0.12380952380952381
904512525045117852,43,0.4095238095238095
906701409648697471,57,0.5428571428571428
910707550951342167,2,0.01904761904761905
910815231577364751,65,0.6190476190476191
911476333007658783,53,0.5047619047619047
912678193847993947,77,0.7333333333333333
913929715874853789,68,0.6476190476190476
914342944500490787,42,0.4
915332897455058900,68,0.6476190476190476
916052715744473224,54,0.5142857142857142
923133320997277084,53,0.5047619047619047
929120660817262874,98,0.9333333333333333
936216057908307884,75,0.7142857142857143
939218400123538892,34,0.3238095238095238
939325387438995809,76,0.7238095238095238
939698664229028471,39,0.37142857142857144
942057172413556286,39,0.37142857142857144
944320965810800803,87,0.8285714285714286
946451380352813662,28,0.26666666666666666
946609581890906389,37,0.3523809523809524
950059146531590785,17,0.1619047619047619
956398979498945273,39,0.37142857142857144
956676934234107014,24,0.22857142857142856
957349094500016515,82,0.780952380952381
963040775940890055,81,0.7714285714285715
963916345061155113,35,0.3333333333333333
964579064376617710,74,0.7047619047619048
965258538716677226,86,0.819047619047619
965310801955633109,63,0.6
966687088388761169,97,0.9238095238095239
968213956640500474,82,0.780952380952381
970445468070597218,2,0.01904761904761905
973272705231391942,45,0.42857142857142855
978095320445301654,82,0.780952380952381
978244263452010977,50,0.47619047619047616
978410400232267791,31,0.29523809523809524
980310639590708922,91,0.8666666666666667
980365989956218871,73,0.6952380952380952
982642009007231841,52,0.49523809523809526
983188724209547131,74,0.7047619047619048
984846668146064982,53,0.5047619047619047
985445004274818605,59,0.5619047619047619
985716714802993034,48,0.45714285714285713
986245345084467584,86,0.819047619047619
986407426689940399,43,0.4095238095238095
986565062867231257,89,0.8476190476190476
991407580891691701,67,0.638095238095238
995680028058206783,96,0.9142857142857143
996227938456591020,73,0.6952380952380952
999226382307972271,85,0.8095238095238095
1002341236260011015,54,0.5142857142857142
1002785860497857801,80,0.7619047619047619
1004496327455456339,81,0.7714285714285715
1004910078575857573,27,0.2571428571428571
1005860682746801029,75,0.7142857142857143
1005958896607152946,55,0.5238095238095238
1006396584243125090,83,0.7904761904761904
1008029204257210230,68,0.6476190476190476
1011115904222911872,79,0.7523809523809524
1011714999685071594,28,0.26666666666666666
1014245162199655907,43,0.4095238095238095
1015691857467598452,55,0.5238095238095238
1016100494032497541,78,0.7428571428571429
1019041007385326527,43,0.4095238095238095
1019453731090411731,85,0.8095238095238095
1019756845213291605,72,0.6857142857142857
1021217453140595481,46,0.4380952380952381
1023885231203292759,80,0.7619047619047619
1024067179174522246,70,0.6666666666666666
1025356251415331533,36,0.34285714285714286
1028988415727336651,70,0.6666666666666666
1030981527494824971,27,0.2571428571428571
1031938290013047428,82,0.780952380952381
1032037416009523135,37,0.3523809523809524
1033202997223117530,29,0.2761904761904762
1034873975277447845,62,0.5904761904761905
1035628196408986358,43,0.4095238095238095
1036955655225647222,70,0.6666666666666666
1037004838842410100,35,0.3333333333333333
1037047027853581998,43,0.4095238095238095
1039235354309448898,75,0.7142857142857143
1042032092670718662,29,0.2761904761904762
1043497443334655968,42,0.4
1043599286749467076,62,0.5904761904761905
1044223371798078486,70,0.6666666666666666
1044458170286255125,55,0.5238095238095238
1045077329214831775,31,0.29523809523809524
1045459185575382038,93,0.8857142857142857
1045520246239520927,81,0.7714285714285715
1045592510645908121,65,0.6190476190476191
1045916135727198441,59,0.5619047619047619
1046547202929220520,59,0.5619047619047619
1047723626454445067,104,0.9904761904761905
1048804459244346908,82,0.780952380952381
1049417084065072931,12,0.11428571428571428
1050857413300266721,58,0.5523809523809524
1052110098791057231,53,0.5047619047619047
1052490589225547467,67,0.638095238095238
1053030252161966865,83,0.7904761904761904
1053132609735844516,11,0.10476190476190476
1053425333694349352,48,0.45714285714285713
1053522951026570547,86,0.819047619047619
1053625763515857065,72,0.6857142857142857
1053851019443958006,90,0.8571428571428571
1054265461023254222,67,0.638095238095238
1055163452693752832,72,0.6857142857142857
1056816282920055514,63,0.6
1056827534457537585,92,0.8761904761904762
1057137469420115073,78,0.7428571428571429
1057964852411462810,77,0.7333333333333333
1058193595817353204,33,0.3142857142857143
1058777213156843238,26,0.24761904761904763
1060712994513047104,78,0.7428571428571429
1062221285605590578,82,0.780952380952381
1062615116593634676,66,0.6285714285714286
1063807278503566143,67,0.638095238095238
1066545050089987954,81,0.7714285714285715
1067320906990424780,61,0.580952380952381
1070343877574441166,22,0.20952380952380953
1074031328011239995,102,0.9714285714285714
1074829679064875721,6,0.05714285714285714
1075444278753674442,45,0.42857142857142855
1075503699104403085,69,0.6571428571428571
1077396104359577731,20,0.19047619047619047
1081972140987250431,63,0.6
1082133757143221839,17,0.1619047619047619
1082746592587689161,44,0.41904761904761906
1083196219974177016,57,0.5428571428571428
1083301106167776779,30,0.2857142857142857
1083424325445690046,54,0.5142857142857142
1083633025910461931,46,0.4380952380952381
1084601543056055517,63,0.6
1085437829031467755,45,0.42857142857142855
1086855144095843601,68,0.6476190476190476
1088251024341369589,14,0.13333333333333333
1091408953130822622,48,0.45714285714285713
1100720037663116812,66,0.6285714285714286
1100991386372756521,95,0.9047619047619048
1111626053814730010,70,0.6666666666666666
1124052077567202180,20,0.19047619047619047
1125970477826966385,68,0.6476190476190476
1131810056799937593,81,0.7714285714285715
1137698308528017474,53,0.5047619047619047
1139831117529014384,82,0.780952380952381
1147824179020677628,49,0.4666666666666667
1153493820067017135,57,0.5428571428571428
1153552657765472365,35,0.3333333333333333
1161796266594364332,31,0.29523809523809524
1161927707286622818,38,0.3619047619047619
1163772289534164479,68,0.6476190476190476
1171049670344322120,61,0.580952380952381
1173260792743932663,36,0.34285714285714286
1174263938200349649,89,0.8476190476190476
1179103047052148475,47,0.44761904761904764
1181723518413479765,86,0.819047619047619
1181933658424522281,77,0.7333333333333333
1181944920258781413,87,0.8285714285714286
1181971107577983158,81,0.7714285714285715
1182018398755268829,73,0.6952380952380952
1182028381058524086,70,0.6666666666666666
1182040498646675653,66,0.6285714285714286
1182043782165637473,75,0.7142857142857143
1182070530301053205,76,0.7238095238095238
1182188163181410725,82,0.780952380952381
1183418487997408853,63,0.6
1184078920130796920,70,0.6666666666666666
1184152596221501552,81,0.7714285714285715
1187061700423806804,75,0.7142857142857143
1187558666042801587,71,0.6761904761904762
1187772975255244525,67,0.638095238095238
1188323084225041810,73,0.6952380952380952
1188339469325210376,73,0.6952380952380952
1188476386889166335,79,0.7523809523809524
1189331897618015345,86,0.819047619047619
1191261348067720296,67,0.638095238095238
1191386301072209798,73,0.6952380952380952
1192836728602105901,77,0.7333333333333333
1193347652334673191,66,0.6285714285714286
1193414131980072087,66,0.6285714285714286
1193496259129259761,86,0.819047619047619
1193657356522503551,70,0.6666666666666666
1195858349379362032,65,0.6190476190476191
1197121947398131654,73,0.6952380952380952
1197195878719681680,76,0.7238095238095238
1198703061430420363,40,0.38095238095238093
1199996219082185363,65,0.6190476190476191
1203075817950465589,72,0.6857142857142857
1203140233522044896,88,0.8380952380952381
1207335703563012811,82,0.780952380952381
1207338410880339003,86,0.819047619047619
1207383031689344642,76,0.7238095238095238
1207864392976162235,98,0.9333333333333333
1207881809440158991,92,0.8761904761904762
1207940918769840398,77,0.7333333333333333
1207992119242235910,89,0.8476190476190476
1208704132667695539,95,0.9047619047619048
1208718899534488031,90,0.8571428571428571
1208735754877396448,83,0.7904761904761904
1208746927423730353,79,0.7523809523809524
1208757710030861160,87,0.8285714285714286
1208757855935244741,82,0.780952380952381
1209010210831577821,77,0.7333333333333333
1213824251801309412,72,0.6857142857142857
1214464056304542513,87,0.8285714285714286
1216602433904805187,85,0.8095238095238095
1218889785346856352,30,0.2857142857142857
1219597802580113056,78,0.7428571428571429
1219655958873769070,84,0.8
1226846054624436877,93,0.8857142857142857
1226856286781952840,86,0.819047619047619
1229942592150628971,25,0.23809523809523808
1233370107101543516,60,0.5714285714285714
1233973103621276698,69,0.6571428571428571
1233994658216308874,61,0.580952380952381
1234084273027568746,60,0.5714285714285714
1236367599770739400,59,0.5619047619047619
1238321506456103932,76,0.7238095238095238
1242002119123644781,90,0.8571428571428571
1242713378625026725,83,0.7904761904761904
1247028916537033972,75,0.7142857142857143
1248514191377483703,87,0.8285714285714286
1248685472424986601,38,0.3619047619047619
1249371220066552412,69,0.6571428571428571
1249385754807434824,78,0.7428571428571429
1249919049392818339,91,0.8666666666666667
1254384361135492137,86,0.819047619047619
1254489827996538747,74,0.7047619047619048
1257312272803306995,82,0.780952380952381
1259534245145609058,60,0.5714285714285714
1260073533686146608,76,0.7238095238095238
1262982199583014782,83,0.7904761904761904
1263128865886946817,93,0.8857142857142857
1264729892004302735,35,0.3333333333333333
1265161823691467042,82,0.780952380952381
1265295313956605287,79,0.7523809523809524
1265370363028714118,84,0.8
1266717192483343855,62,0.5904761904761905
1267332355220608617,69,0.6571428571428571
1268755217310742256,37,0.3523809523809524
1268889705366032062,65,0.6190476190476191
1269623861253689862,65,0.6190476190476191
1269636598524749154,76,0.7238095238095238
1271171762063321920,56,0.5333333333333333
1272260793182499350,45,0.42857142857142855
1272537775161574422,56,0.5333333333333333
1274055523929375490,91,0.8666666666666667
1274533646308060247,86,0.819047619047619
1274679812745645557,88,0.8380952380952381
1276789839775235217,43,0.4095238095238095
1277103969415516416,54,0.5142857142857142
1277671971539993475,30,0.2857142857142857
1280559161534348023,86,0.819047619047619
1282577030741754149,72,0.6857142857142857
1282585098065467787,65,0.6190476190476191
1283982403734255309,67,0.638095238095238
1284110666632259028,77,0.7333333333333333
1285538056394050628,97,0.9238095238095239
1292815457899461748,72,0.6857142857142857
1297930390704189766,85,0.8095238095238095
1297930815921503919,76,0.7238095238095238
1303745304497797235,85,0.8095238095238095
1304403734260231676,101,0.9619047619047619
1304433283397417052,66,0.6285714285714286
1307990676918354925,87,0.8285714285714286
1311575286815584867,82,0.780952380952381
1312949509621922876,86,0.819047619047619
1313064371372817918,98,0.9333333333333333
1315954985293478319,102,0.9714285714285714
1317427472349939673,91,0.8666666666666667
1318315111310867765,81,0.7714285714285715
1320994692912931266,99,0.9428571428571428
1320995339425720277,87,0.8285714285714286
1321022086036905023,91,0.8666666666666667
1321134786322096510,88,0.8380952380952381
1329787295308110610,71,0.6761904761904762
