bairro,perfil,n_bruto_dedup,n_sale_price_valido,n_area_pm2_validos,n_elegiveis_principal,n_elegiveis_sensibilidade,pct_elegivel_principal,mediana_sale,p25_sale,p75_sale,mediana_pm2,p25_pm2,p75_pm2,mediana_area,cobertura_condo,cobertura_iptu
alto sao bento,2. apartamento (2q),35,35,35,34,35,97.14285714285714,606968.0,549000.0,672300.0,9267.028985507246,8355.072463768116,10458.333333333334,65.5,0.5882352941176471,0.7352941176470589
alto sao bento,4. casa,16,16,16,15,16,93.75,626070.0,564830.0,769725.0,7210.526315789473,6773.5,7938.995618469835,88.0,0.6,0.4666666666666667
alto sao bento,sem comparável,15,0,0,0,0,0.0,,,,,,,,,
andorinha,1. apartamento compacto (0-1q),8,8,8,8,8,100.0,679500.0,641703.0,711906.0,14735.023255813954,14071.180555555555,17683.320731707317,43.0,0.875,0.875
andorinha,2. apartamento (2q),68,68,68,67,68,98.52941176470588,970000.0,849615.0,1115792.5,11223.529411764706,10635.604632372744,13653.90014916206,83.0,0.7761194029850746,0.6865671641791045
andorinha,3. apartamento (3q+),680,680,680,643,680,94.55882352941177,1852664.0,1512912.5,2350000.0,14014.598540145986,11870.213323605341,15833.333333333334,130.0,0.7216174183514774,0.6749611197511665
andorinha,4. casa,9,9,9,0,9,0.0,,,,,,,,,
andorinha,sem comparável,14,0,0,0,0,0.0,,,,,,,,,
canto da praia,1. apartamento compacto (0-1q),7,7,7,6,7,85.71428571428571,785000.0,735000.0,797500.0,14610.344827586207,13641.379310344826,15750.0,49.5,0.3333333333333333,0.5
canto da praia,2. apartamento (2q),14,14,14,13,14,92.85714285714286,1225000.0,1216999.0,1452000.0,14459.770114942528,13988.505747126435,16500.0,88.0,1.0,0.9230769230769231
canto da praia,3. apartamento (3q+),82,82,82,73,82,89.02439024390245,1800000.0,1550000.0,2349900.0,15085.0,13339.92,17000.0,116.0,0.6575342465753424,0.6301369863013698
canto da praia,4. casa,27,27,27,6,27,22.22222222222222,3375000.0,2950000.0,3800000.0,12089.604369086175,10826.475966562173,13371.735308890005,284.0,1.0,1.0
canto da praia,sem comparável,1,0,0,0,0,0.0,,,,,,,,,
casa branca,2. apartamento (2q),20,20,20,20,20,100.0,655000.0,588500.0,717250.0,9714.285714285714,8821.42857142857,10625.0,69.5,0.55,0.6
casa branca,3. apartamento (3q+),7,7,7,7,7,100.0,778000.0,732557.0,1412266.0,10658.771428571428,10398.60902255639,11447.371428571429,70.0,0.42857142857142855,0.42857142857142855
casa branca,4. casa,38,38,38,38,38,100.0,3489825.0,1116750.0,6999000.0,12556.22636554622,7273.185483870968,17416.54571843251,272.0,0.7105263157894737,0.7105263157894737
casa branca,sem comparável,30,0,0,0,0,0.0,,,,,,,,,
castelo branco,1. apartamento compacto (0-1q),1,1,1,0,1,0.0,,,,,,,,,
castelo branco,2. apartamento (2q),60,60,60,59,60,98.33333333333333,1050000.0,883195.0,1200000.0,11862.5,9708.490566037737,13625.0,87.0,0.7966101694915254,0.6949152542372882
castelo branco,3. apartamento (3q+),431,431,431,396,431,91.87935034802784,1750000.0,1473248.75,2200000.0,13277.954646988432,11225.400457665903,15290.006685312163,132.0,0.75,0.6994949494949495
castelo branco,4. casa,8,8,8,0,8,0.0,,,,,,,,,
castelo branco,sem comparável,6,0,0,0,0,0.0,,,,,,,,,
centro,1. apartamento compacto (0-1q),22,22,22,21,22,95.45454545454545,890000.0,650000.0,980000.0,16250.0,10819.67213114754,23333.33333333333,42.0,0.6190476190476191,0.47619047619047616
centro,2. apartamento (2q),89,89,89,87,89,97.75280898876404,1150000.0,873500.0,1533030.0,13068.181818181818,10941.666666666668,15714.285714285714,86.0,0.8160919540229885,0.8390804597701149
centro,3. apartamento (3q+),871,871,871,808,871,92.76693455797934,2696500.0,1958750.0,3796200.0,16792.530149159,14054.054054054051,20827.65023474178,150.0,0.676980198019802,0.6398514851485149
centro,4. casa,17,17,17,7,17,41.1764705882353,1000000.0,599500.0,1289915.0,7679.48717948718,5476.190476190476,10422.36858974359,120.0,0.8571428571428571,0.8571428571428571
centro,sem comparável,8,0,0,0,0,0.0,,,,,,,,,
estreito,3. apartamento (3q+),5,5,5,0,5,0.0,,,,,,,,,
ilhota,1. apartamento compacto (0-1q),5,5,5,5,5,100.0,220000.0,202658.0,255000.0,5333.105263157895,5333.105263157895,6710.526315789473,38.0,0.6,0.4
ilhota,3. apartamento (3q+),23,23,23,23,23,100.0,2845125.0,2454062.5,3903189.0,18355.64516129032,15697.67441860465,20025.113970588238,154.0,0.6956521739130435,0.4782608695652174
ilhota,4. casa,22,22,22,4,22,18.181818181818183,9500000.0,1625000.0,17750225.0,7628.378378378378,6496.138996138996,9433.241590214067,992.5,1.0,0.75
ilhota,sem comparável,5,0,0,0,0,0.0,,,,,,,,,
itapema,3. apartamento (3q+),2,2,2,0,2,0.0,,,,,,,,,
jardim praia mar,1. apartamento compacto (0-1q),6,6,6,4,6,66.66666666666667,744500.0,689512.5,749000.0,11912.186379928316,11888.888888888889,13027.74926686217,62.5,0.75,0.5
jardim praia mar,2. apartamento (2q),88,88,88,88,88,100.0,729990.5,642855.75,829625.0,10822.4765625,9850.0,12722.377232142857,64.0,0.7272727272727273,0.6704545454545454
jardim praia mar,3. apartamento (3q+),9,9,9,8,9,88.88888888888889,702191.0,656930.0,731250.0,10103.182194616977,9480.04347826087,10597.826086956522,69.5,0.75,0.625
jardim praia mar,sem comparável,1,0,0,0,0,0.0,,,,,,,,,
meia praia,1. apartamento compacto (0-1q),58,58,58,55,58,94.82758620689656,875000.0,753000.0,1002503.5,21250.0,17187.5,24970.375,40.0,0.6727272727272727,0.6
meia praia,2. apartamento (2q),243,243,243,241,243,99.17695473251028,1070000.0,906700.0,1290000.0,12826.08695652174,10638.297872340425,14827.586206896553,85.0,0.7344398340248963,0.6929460580912863
meia praia,3. apartamento (3q+),3100,3100,3100,2835,3100,91.45161290322581,2380000.0,1744595.0,3484000.0,15764.637931034482,12844.432141727302,19285.714285714286,148.0,0.6955908289241622,0.6483245149911817
meia praia,4. casa,19,19,19,8,19,42.10526315789474,1433258.5,1197500.0,1642500.0,9152.148664343786,7531.0368318122555,12690.217391304348,191.0,0.75,0.75
meia praia,sem comparável,34,0,0,0,0,0.0,,,,,,,,,
meia praia - frente mar,3. apartamento (3q+),1,1,1,0,1,0.0,,,,,,,,,
morretes,1. apartamento compacto (0-1q),50,50,50,48,50,96.0,600000.0,434100.0,750000.0,12743.210361237292,10535.365853658537,13546.472184531885,43.5,0.5,0.625
morretes,2. apartamento (2q),1037,1037,1037,1019,1037,98.2642237222758,789550.0,680000.0,874647.5,11542.857142857143,9992.753623188406,12971.42857142857,69.0,0.7065750736015701,0.7232580961727183
morretes,3. apartamento (3q+),213,213,213,149,213,69.9530516431925,840000.0,700000.0,998000.0,11409.42857142857,9289.855072463768,13970.588235294115,70.0,0.697986577181208,0.7315436241610739
morretes,4. casa,367,367,367,356,367,97.00272479564033,649750.0,550000.0,752250.75,7125.0,6454.545454545455,7808.333333333333,92.5,0.7415730337078652,0.9157303370786517
morretes,sem comparável,101,0,0,0,0,0.0,,,,,,,,,
não informado,1. apartamento compacto (0-1q),1,0,0,0,0,0.0,,,,,,,,,
não informado,2. apartamento (2q),28,0,0,0,0,0.0,,,,,,,,,
não informado,3. apartamento (3q+),59,0,0,0,0,0.0,,,,,,,,,
não informado,4. casa,7,0,0,0,0,0.0,,,,,,,,,
não informado,sem comparável,3,0,0,0,0,0.0,,,,,,,,,
ocean tower,3. apartamento (3q+),1,1,1,0,1,0.0,,,,,,,,,
sertao do trombudo,1. apartamento compacto (0-1q),2,2,2,2,2,100.0,950000.0,950000.0,950000.0,12258.574758574758,12219.03096903097,12298.118548118546,77.5,1.0,1.0
sertao do trombudo,2. apartamento (2q),7,7,7,7,7,100.0,680000.0,680000.0,766000.0,11147.540983606556,10141.405214317278,12628.983516483515,62.0,0.7142857142857143,0.7142857142857143
sertao do trombudo,3. apartamento (3q+),3,3,3,3,3,100.0,3000000.0,2225000.0,3337500.0,17253.521126760563,14203.68364030336,20254.667540124465,130.0,0.6666666666666666,0.3333333333333333
sertao do trombudo,4. casa,8,8,8,0,8,0.0,,,,,,,,,
sertao do trombudo,sem comparável,21,0,0,0,0,0.0,,,,,,,,,
sertaozinho,2. apartamento (2q),1,1,1,0,1,0.0,,,,,,,,,
taboleiro,2. apartamento (2q),1,1,1,0,1,0.0,,,,,,,,,
tabuleiro,1. apartamento compacto (0-1q),2,2,2,0,2,0.0,,,,,,,,,
tabuleiro,2. apartamento (2q),4,4,4,0,4,0.0,,,,,,,,,
tabuleiro dos oliveiras,1. apartamento compacto (0-1q),1,1,1,1,1,100.0,820000.0,820000.0,820000.0,12058.823529411764,12058.823529411764,12058.823529411764,68.0,0.0,0.0
tabuleiro dos oliveiras,2. apartamento (2q),105,105,105,101,105,96.19047619047619,780939.0,695000.0,848000.0,11575.797101449276,10571.42857142857,12700.0,69.0,0.7029702970297029,0.6534653465346535
tabuleiro dos oliveiras,3. apartamento (3q+),15,15,15,12,15,80.0,800000.0,763750.0,901040.0,11428.571428571428,10910.714285714286,12872.0,70.0,0.5833333333333334,0.6666666666666666
tabuleiro dos oliveiras,4. casa,5,5,5,0,5,0.0,,,,,,,,,
tabuleiro dos oliveiras,sem comparável,1,0,0,0,0,0.0,,,,,,,,,
varzea,2. apartamento (2q),29,29,29,28,29,96.55172413793103,644900.0,617500.0,680022.0,9371.428571428572,8835.42960662526,10171.519123134327,70.0,0.4642857142857143,0.6071428571428571
varzea,3. apartamento (3q+),3,3,3,2,3,66.66666666666667,741500.0,714750.0,768250.0,9883.035714285714,9855.803571428572,9910.267857142857,75.0,1.0,0.5
varzea,4. casa,4,4,4,0,4,0.0,,,,,,,,,
varzea,sem comparável,9,0,0,0,0,0.0,,,,,,,,,
