segmento,cenario_ocupacao,rendimento_bruto,payback_bruto,receita_bruta_anualizada,rank
morretes | 2. apartamento (2q),50%,0.1160272430567414,8.618665527637889,91609.3097554502,1
morretes | 2. apartamento (2q),60%,0.1392326916680897,7.182221273031574,109931.17170654023,1
morretes | 2. apartamento (2q),75%,0.1740408645851121,5.74577701842526,137413.9646331753,1
meia praia | 1. apartamento compacto (0-1q),50%,0.1115320385695413,8.966033552560683,97590.5337483487,3
meia praia | 1. apartamento compacto (0-1q),60%,0.1338384462834496,7.471694627133902,117108.64049801845,3
meia praia | 1. apartamento compacto (0-1q),75%,0.167298057854312,5.977355701707122,146385.80062252303,3
centro | 2. apartamento (2q),50%,0.1128684408826263,8.859872539923856,129798.70701502026,2
centro | 2. apartamento (2q),60%,0.1354421290591515,7.383227116603213,155758.44841802432,2
centro | 2. apartamento (2q),75%,0.1693026613239394,5.90658169328257,194698.0605225304,2
